{
  "config": "configs/civil_comments_gemma2_2b.yaml",
  "threshold": 0.86,
  "selected_layer": 8,
  "phase1_json": "configs/layer_sweep_civil_comments_gemma2_2b.json",
  "balanced_results": {
    "8": {
      "true_label_acc": 0.5805084705352783,
      "spurious_label_acc": 0.7838982939720154
    },
    "10": {
      "true_label_acc": 0.5861582159996033,
      "spurious_label_acc": 0.7824859023094177
    },
    "12": {
      "true_label_acc": 0.5854519605636597,
      "spurious_label_acc": 0.7902542352676392
    }
  }
}