{
  "config": "configs/multinli_gemma2_2b.yaml",
  "threshold": 0.9,
  "selected_layer": 17,
  "phase1_json": "configs/layer_sweep_multinli_gemma2_2b.json",
  "balanced_results": {
    "10": {
      "true_label_acc": 0.6654135584831238,
      "spurious_label_acc": 0.7593985199928284
    },
    "11": {
      "true_label_acc": 0.6813910007476807,
      "spurious_label_acc": 0.7603383660316467
    },
    "12": {
      "true_label_acc": 0.701127827167511,
      "spurious_label_acc": 0.75
    },
    "13": {
      "true_label_acc": 0.6992481350898743,
      "spurious_label_acc": 0.7349624037742615
    },
    "16": {
      "true_label_acc": 0.6174812316894531,
      "spurious_label_acc": 0.8110902309417725
    },
    "17": {
      "true_label_acc": 0.6052631735801697,
      "spurious_label_acc": 0.815789520740509
    }
  }
}